wall_time_s,frame_timestamp_s,raw_x,raw_y,raw_z,filt_x,filt_y,filt_z,raw_qw,raw_qx,raw_qy,raw_qz,filt_qw,filt_qx,filt_qy,filt_qz,gripper_dist_mm
0.201058,1783325413.734,0.07208660244941711,-0.058875398710370064,0.34800000488758087,0.07208660244941711,-0.058875398710370064,0.34800000488758087,0.06446540394643116,0.7493957567999541,-0.019320496565986275,-0.6586933503510501,0.06446540394643116,0.7493957567999541,-0.019320496565986275,-0.6586933503510501,21.666718001198394
0.25858,1783325413.801,0.08512742444872856,-0.0679740309715271,0.4010000228881836,0.07816938308907889,-0.06292155720318315,0.38075575258706973,0.014537589297426483,0.759784522669204,-0.040306049387146735,-0.6487615586581482,0.03321854548527828,0.7561779650497964,-0.03247117761366396,-0.6527151262483302,110.78586807815303
0.319746,1783325413.834,0.07432141155004501,-0.05870397202670574,0.34700001776218414,0.07713317785612764,-0.06186415786761814,0.3720182688535574,0.020469564659654164,0.7603286841727969,-0.028841842987617612,-0.6485749278532011,0.027205161559750498,0.758155835706985,-0.03075991126557754,-0.6507790991011351,22.54996269150829
0.383166,1783325413.901,0.07462219148874283,-0.05861692316830158,0.3475000113248825,0.0761285854516991,-0.060575201226352814,0.35955877041437434,0.008327914356183958,0.7783745753299146,-0.024629313111785435,-0.6272615588875923,0.01432615598717087,0.7720657786859852,-0.026580531630495598,-0.6348249128498933,21.84312913189522
0.43786,1783325413.968,0.07394596934318542,-0.05795343779027462,0.34700001776218414,0.07527105070002788,-0.059496480445072254,0.3528467982611055,0.006543627449168521,0.7802669355296813,-0.013312255482667621,-0.6252707206585728,0.009079842489760332,0.7776284616261598,-0.01763629100680906,-0.6284110862873256,22.55474727941114
0.503554,1783325414.035,0.08435868471860886,-0.06414513476192951,0.40150001645088196,0.07928059078016102,-0.061362177618436764,0.37911647184197994,0.011253416663875932,0.7803094321855656,-0.009281742902409821,-0.6252234799688213,0.010483184362182638,0.779367453348627,-0.012242830266817727,-0.6263597916641538,112.00942630261733
0.576739,1783325414.101,0.0813860222697258,-0.056993938982486725,0.3985000103712082,0.08019712459469595,-0.05960125858971339,0.3902746283812384,0.00514891841443983,0.791472618871845,-0.006895433431610099,-0.6111440380246663,0.00703089824661458,0.7872416973288484,-0.008782132092990674,-0.6165419293223625,119.76248552883008
0.638572,1783325414.168,0.07167067006230354,-0.047713011503219604,0.3410000205039978,0.07673443724042714,-0.054000235700997073,0.36534599706349435,0.010777716425351143,0.7913140324762001,0.014839297938520242,-0.6111347953370041,0.00951283161767833,0.7899931312231594,0.006861291673717249,-0.6130034921037645,55.69317659464857
0.698507,1783325414.235,0.07140559889376163,-0.04726526886224747,0.3400000184774399,0.07442050338409759,-0.05073801759885885,0.35065201175755184,0.01973929832145116,0.7919261675406887,0.02310015708913661,-0.6098603840294522,0.016250489611954688,0.7913005369393236,0.017559835503293264,-0.6109591099279946,64.06405791384186
0.755497,1783325414.301,0.07146889716386795,-0.04806607961654663,0.3395000100135803,0.07313541020629871,-0.049483058438780425,0.3442490124076382,0.027494725018715048,0.7916637832798243,0.02268865692260751,-0.6099161575054958,0.023414063203187445,0.7915460322292494,0.020827529504443693,-0.6103055583240174,64.0909903955062
0.821914,1783325414.335,0.07168474234640598,-0.04858681932091713,0.34050002694129944,0.07272110393241878,-0.04920823525430798,0.3427446936937438,0.01651923898319391,0.8000650880166871,0.02131557439215409,-0.5993067795116283,0.020013982715568045,0.7957718251274001,0.021068879789673037,-0.6048989544822143,62.65338284283177
0.892146,1783325414.402,0.07168474234640598,-0.048591687344014645,0.34050002694129944,0.07227332926727911,-0.04893197132655742,0.3415400679492489,0.025112199459222835,0.7908725138479793,0.025425269702051286,-0.6109366578776197,0.023243568149927535,0.792678216940562,0.023828586109504113,-0.6087307938749386,61.96796709628495
0.951446,1783325414.468,0.07193304225802422,-0.04901617765426636,0.34150002896785736,0.07213107482111111,-0.04896795235439753,0.3415201532470099,0.02726186565826894,0.7833428674884447,0.00991601246721688,-0.6209125665764557,0.025814713221178433,0.7867483633662656,0.014931849903793995,-0.6165530416600516,60.32745632128873
1.002895,1783325414.535,0.08250041678547859,-0.054422272369265556,0.4010000228881836,0.07659425114886934,-0.05110527730362756,0.3769780740068952,0.02475213740243512,0.7817513210257894,0.002700450875057232,-0.6230930198080507,0.025142041863688826,0.7836018220458736,0.007181516735019268,-0.6207128869571634,122.35658229288583
1.070373,1783325414.602,0.08372518420219421,-0.061389053240418434,0.4025000184774399,0.07987398833478276,-0.05577551414062921,0.39305064797768063,0.019836172257751195,0.7806154253666374,-0.019398594104197475,-0.6243955304905737,0.02165725759070338,0.7817060581402228,-0.010285876351139625,-0.6231860096377434,110.80573336300566
1.132487,1783325414.635,0.08453125134110451,-0.06414784491062164,0.4020000100135803,0.0813217468672332,-0.058502893096386635,0.3971464384543454,-0.000955125931024396,0.782648737654023,-0.03259704791637163,-0.6216087786141361,0.009425315596677789,0.7823143914051138,-0.0223588608119667,-0.6224109878284125,110.77408202969313
1.21784,1783325414.735,0.07377500459551811,-0.05625123903155327,0.34800001978874207,0.07751069739508926,-0.05727090318167011,0.3709400724562163,-0.02165792139425131,0.7722997456959839,-0.051628798194281816,-0.6327863023452807,-0.014974602388581459,0.7745866590531276,-0.04534071925494082,-0.63066273718816,9.177751252872776
1.272805,1783325414.802,0.07485262677073479,-0.05782154202461243,0.34950001537799835,0.07646915717598719,-0.057509921427083444,0.35959033771556626,-0.019163823541193965,0.7606943193314776,-0.058330001441430794,-0.6462000551964884,-0.017922533891758238,0.7648640667220156,-0.05448113391751127,-0.6416334999541569,6.762699516646325
1.320165,1783325414.868,0.07399354875087738,-0.05754954740405083,0.3490000069141388,0.07547013573243327,-0.057526470867505855,0.3539015372046476,-0.007866340921580802,0.7618439604915114,-0.05334255661077982,-0.6455125654836935,-0.011173314501158544,0.7628477305924761,-0.05371770988111519,-0.6442459969748321,6.899312180834597
1.396494,1783325414.902,0.07371548190712929,-0.05801187641918659,0.34950001537799835,0.07500283021513263,-0.05765657657176038,0.3522548665018358,-0.0034271740907770884,0.7621959723396652,-0.04871894824056802,-0.6455013697191327,-0.007250755893470333,0.7625259711965228,-0.05118689870288371,-0.6448887277592574,7.041609598880357
1.450067,1783325414.969,0.07393402606248856,-0.05837148055434227,0.3505000174045563,0.07455892098676632,-0.057952969090163536,0.35135659486146587,-0.02112521460097607,0.7715986882823742,-0.05135505111906872,-0.6336811881960362,-0.016473727440835972,0.7685908298518138,-0.051300957596688845,-0.6374676182533259,6.457346092472123
1.509521,1783325415.035,0.08405086025595665,-0.0637779887765646,0.4020000249147415,0.07860170261100136,-0.06051057050634903,0.37963371128498913,-0.001792605946884573,0.773412484296748,-0.03625982041207978,-0.632862655812093,-0.006738106535846762,0.7718302921307231,-0.04132846586647375,-0.6344482295497701,108.75272603076111
1.563228,1783325415.102,0.08237274736166,-0.06147230230271816,0.4010000228881836,0.08026282845477663,-0.06092715952423511,0.3924122677276076,-0.0016850048699216774,0.7723511018528854,-0.02611115744591991,-0.6346567132569044,-0.003432222120872389,0.7721935135514512,-0.03137347761903065,-0.6346031061872184,114.77818717566491
1.617926,1783325415.169,0.081154465675354,-0.0574384443461895,0.40000002086162567,0.08064719761456715,-0.05954017784780673,0.39680582742107595,-0.012403133197227275,0.788583834001437,-0.011699822532123734,-0.6146908273198834,-0.009551947308494537,0.7834686539219238,-0.017957393756587108,-0.6210983502102188,117.83279295355464
1.681454,1783325415.202,0.07070063054561615,-0.04977055825293064,0.34550000727176666,0.07797770286142983,-0.05672488965808177,0.37836500363957554,0.011457588653770676,0.7801240255674171,-0.009059032129330118,-0.6254543647074572,0.0018282614376126756,0.7817104365723379,-0.013138380653351413,-0.6235004681376016,40.82535592880728
1.73761,1783325415.269,0.07051074877381325,-0.050713587552309036,0.34550000727176666,0.07454648398369901,-0.05391553066732273,0.35813768205142477,0.011531254772072588,0.7809593849179717,-0.00911872715585937,-0.6244087748318258,0.008373217420812304,0.7812134164121793,-0.010427175860608361,-0.624120790593621,39.939986844123034
1.796327,1783325415.302,0.07070063054561615,-0.050713587552309036,0.34550000727176666,0.07336811230465094,-0.05292809284894634,0.35235814482031047,-0.002352201470509534,0.7886068094688778,-0.0061818581441977416,-0.6148622218330251,0.002811115975464354,0.7850744239525723,-0.008225836783714751,-0.619340441188622,39.79942951762172
1.84016,1783325415.369,0.07013692706823349,-0.05164472386240959,0.34550000727176666,0.07185710313409988,-0.05233916382839247,0.3482227534790199,-0.0008836385721832615,0.787780278332701,-0.007956705621176981,-0.6159043294932938,0.0004205547095917573,0.7868281050116318,-0.00805173500108822,-0.6171195393609031,40.24925620700267
1.910707,1783325415.436,0.07043177261948586,-0.051791250705718994,0.3450000137090683,0.07120988525215044,-0.05209664883317607,0.346391564303066,-0.004224742227500234,0.7877007205427063,-0.012870022189952087,-0.6159091564008792,-0.0024413075926100537,0.7873700796225497,-0.011020219882854237,-0.616377280962035,38.58381995666962
1.966244,1783325415.502,0.07045449316501617,-0.05184803158044815,0.3450000137090683,0.07087996250337088,-0.051990926695586366,0.34565508469641437,-0.005159842600543273,0.7859987362710077,-0.011443710545595858,-0.6181006423663262,-0.004010171434843935,0.7865798739720342,-0.011264632048231622,-0.6173727629657951,37.86023917807013
2.019675,1783325415.569,0.07063896954059601,-0.053349096328020096,0.3450000137090683,0.07077703221594125,-0.052545612664732386,0.34532714758078437,-0.004387774738182747,0.7876847859583211,-0.012656515415913677,-0.61593281940498,-0.00421653734306979,0.7871842410782011,-0.012025314987953001,-0.6165862333935226,36.62872803228692
2.080572,1783325415.602,0.07141852378845215,-0.05284026823937893,0.3450000137090683,0.07094356723064618,-0.0526190326184314,0.34522317681694514,-0.012948906271889256,0.7852493367536063,-0.010214665377761082,-0.618959987047308,-0.007646312894089548,0.7864326331562056,-0.011314290582877223,-0.6175250879395336,35.503381845610335
2.131557,1783325415.669,0.07204118371009827,-0.05403043143451214,0.3460000157356262,0.07138299404762773,-0.05316717545092733,0.34557742807312175,0.008668856870388101,0.7689691710027934,-0.019073247172104926,-0.6389424670579888,0.002683574108771252,0.7754742530929424,-0.016228737201202756,-0.6311648828228643,33.319312101997355
2.187232,1783325415.736,0.07437223941087723,-0.05753386951982975,0.3490000218153,0.07257327732011441,-0.05498065543492847,0.3470023700017015,0.005284067270659686,0.7695064615561784,-0.02426238038681158,-0.6381561103322091,0.004296847138849942,0.7717863428983077,-0.02121272978354984,-0.635513491686409,21.9873561926625
2.254705,1783325415.802,0.07420127838850021,-0.05826170556247234,0.3500000238418579,0.07322819905650312,-0.056373161322585214,0.3481539684971885,-0.00707065505579254,0.7696163491337553,-0.03713993064840755,-0.6373863087128111,-0.0028360258093652986,0.770459961126925,-0.03120796446848495,-0.636717730404643,13.197173752117202
2.314131,1783325415.836,0.0753481574356556,-0.0592312291264534,0.3500000089406967,0.07379568687861289,-0.057191204634072235,0.34862247264967483,-0.009446138650494314,0.770420206094187,-0.04495783552370781,-0.6358791312281048,-0.006039648398222144,0.7704631575849906,-0.037872642688421596,-0.6363298738761107,8.879025431942164
2.37158,1783325415.903,0.07553912326693535,-0.05942102335393429,0.3500000089406967,0.07452928703034775,-0.05817160230532444,0.3491821740390748,-0.002576284999452448,0.7698422630081176,-0.04323027599744203,-0.6367632182211272,-0.0039028936838341167,0.7700838429095483,-0.04117831534995521,-0.6366003366756056,8.071010379879628
2.42514,1783325415.969,0.07497163489460945,-0.05923555791378021,0.3500000089406967,0.07471086694549739,-0.058626999331965905,0.3495114397848146,-0.00029130901220839826,0.7619624418215807,-0.04239802640976456,-0.646231815797482,-0.0017096854653308206,0.7651676858776434,-0.0419198876804274,-0.6424626156292068,5.635712836631822
2.487641,1783325416.003,0.0742131769657135,-0.05961298756301403,0.3500000089406967,0.07458280208675672,-0.05890105765727355,0.3496375358026971,-0.010698030087114075,0.7620685642493463,-0.05030112229884536,-0.6454508909519545,-0.005857399434857472,0.7637537167416982,-0.045788297574406826,-0.6438550945984196,6.6175056226752735
2.54628,1783325416.069,0.0742943286895752,-0.0604694914072752,0.34950001537799835,0.07446890287029446,-0.0595678025205932,0.34958300159476086,0.010858086691667858,0.7623427002729368,-0.03614481206426424,-0.6460721800656661,0.004705489458425278,0.7628957364220886,-0.03969623471654181,-0.6452845594520955,6.2788702166760055
2.608529,1783325416.136,0.08515823259949684,-0.06742793880403042,0.4035000205039978,0.07938694200353197,-0.06320579398868337,0.3832317970656782,0.005552402411630148,0.7634732108215596,-0.04047614676750775,-0.6445459709967418,0.005205471858961355,0.7632368559438117,-0.040156671980412346,-0.6448487004617348,108.88030788894773
2.668289,1783325416.203,0.08191289380192757,-0.06283766962587833,0.4025000184774399,0.0805354485867396,-0.06304371690733021,0.3954006660182312,-3.1528059649255506e-05,0.7642116208850953,-0.024096901897600213,-0.6445152727663591,0.002049771336808882,0.7638504362364136,-0.03048023883529548,-0.6446698880353035,109.64482893684155
2.725683,1783325416.236,0.06989614479243755,-0.051097571849823,0.34950001537799835,0.07781654010804376,-0.059775368812456764,0.3831353738209091,0.006606579877481962,0.7718947362111233,-0.01696825200842686,-0.6354895339308596,0.004175859732158755,0.7676370310322823,-0.024177500027477976,-0.6404150211197903,37.14322036334785
2.789273,1783325416.303,0.0694038588553667,-0.05004476569592953,0.3490000218153,0.07399054596089774,-0.05514910123847472,0.3635659649341042,0.005875027786770274,0.7784149095621611,-0.011388225169189395,-0.6276193280543018,0.005274860041880186,0.7746458236786712,-0.015908395495365504,-0.6321731935644651,39.734058034231474
2.837069,1783325416.37,0.0694038588553667,-0.052125491201877594,0.3490000218153,0.07187050772954334,-0.053732778859250395,0.3550598428361701,0.00843644669819505,0.7777257406541593,-0.005311302449283057,-0.628524692241554,0.0072652051897890944,0.7765977747392651,-0.009237670257524123,-0.6298871156896173,38.67523361374877
2.901043,1783325416.436,0.06929242424666882,-0.05240179784595966,0.3485000282526016,0.07070252523146223,-0.05313292824939039,0.3513764106564762,-0.008985453755468751,0.7860265482894834,-0.00610690738116279,-0.6180972679822866,-0.0031359003624298223,0.7826777244447859,-0.007234303379384961,-0.6223772253557033,38.56682010520099
2.965851,1783325416.503,0.06946768797934055,-0.05308042839169502,0.34950001537799835,0.07015302432328463,-0.05311001948342303,0.35037812801070306,-0.009717843924512318,0.7860146789700255,-0.005171272498483966,-0.6181098170178604,-0.007206248326571704,0.784748424173212,-0.00595857645081924,-0.6197438794448848,36.97443571737579
3.026835,1783325416.57,0.07011904194951057,-0.053500015288591385,0.34850001335144043,0.07013843865633689,-0.05327388317024383,0.3494288145245139,0.020664100804885524,0.7764816514879082,-0.029330119015021222,-0.6291176233099031,0.011508080342742064,0.779325196164625,-0.021654013862365942,-0.6261396860073971,36.22548466963402
3.086689,1783325416.603,0.07015582919120789,-0.05547638423740864,0.34850001335144043,0.07014304194728514,-0.053814449674986865,0.34912741386263624,0.07805432300385319,0.7444611502396374,-0.08858046940057988,-0.6571442907650182,0.05610525562223148,0.7569258309953394,-0.06651838694561339,-0.6476810873120602,34.673046702152355
3.145843,1783325416.67,0.07081092521548271,-0.05670226365327835,0.3515000194311142,0.0704154947278336,-0.054967696956252594,0.3502030225276661,0.14867046140228737,0.7174260081827397,-0.13205917467892478,-0.6676506504696386,0.13419585881784207,0.7243729504148213,-0.12183686300098062,-0.6651549285674349,37.11499734235974
3.217742,1783325416.736,0.06979653984308243,-0.05999644473195076,0.35500001907348633,0.07016639588573935,-0.05710288727017169,0.35213005323527535,0.2162341767691411,0.7054037076287224,-0.186787940225931,-0.6486591211466757,0.20445693297534775,0.708670848295597,-0.17747493131214873,-0.6515256250448337,36.726285817791506
3.280516,1783325416.803,0.06766016408801079,-0.06112121045589447,0.3580000102519989,0.06912162645157552,-0.05887513344537951,0.3545580773140249,0.2292414631573378,0.6946871380318825,-0.25878205269910315,-0.6307852098958835,0.22582785236010752,0.6970077302641629,-0.2473472979373437,-0.634035739728855,35.66771954693838
3.333919,1783325416.87,0.06743618473410606,-0.06049722246825695,0.3590000122785568,0.06841521664737527,-0.059582106530722545,0.35648503894299943,0.2961275851580007,0.6541977422165562,-0.26837532315539026,-0.6421124927210893,0.2862459964187264,0.6605865421757598,-0.26549953631082357,-0.641247725960304,33.494338605764895
3.391811,1783325416.903,0.06575858406722546,-0.059617482125759125,0.3605000227689743,0.06768866641807603,-0.05959164090975385,0.35765112243263214,0.2986235583734658,0.6526715713068438,-0.2720658376346714,-0.6409555135766984,0.295273702185532,0.6548352754841393,-0.27029164754525914,-0.6410511898799739,35.31434527793755
3.455123,1783325416.97,0.06585866212844849,-0.05988352932035923,0.36100001633167267,0.06689903515283116,-0.05971379495339776,0.35917424373528684,0.2934461342561723,0.6508358850682805,-0.27642838260096947,-0.6433423398860894,0.2938008777429186,0.6516122362856731,-0.27524332431189596,-0.6429025199686274,35.0625359467816
3.503133,1783325417.037,0.06662090867757797,-0.05872258357703686,0.36100001633167267,0.0667820121301933,-0.059314319185291606,0.35999026795416317,0.26688334376804707,0.659666897921931,-0.30655725826331676,-0.6321673133050468,0.27238362781938463,0.6581337464663316,-0.3002526738200045,-0.6344410633952372,35.03181570664913
3.566437,1783325417.103,0.06723438948392868,-0.05931844934821129,0.36000001430511475,0.06696508541800796,-0.05931594999593239,0.3599944297881047,0.253134053963145,0.6784909306982311,-0.2888712216837792,-0.6262001476902993,0.2574360487208815,0.6740217757502915,-0.2914266324295817,-0.6280858576215175,34.39175082305127
3.635631,1783325417.17,0.06695850938558578,-0.0601938683539629,0.35850001871585846,0.06696244041491287,-0.05966803112691012,0.35938341478336167,0.23225144589611,0.6846463098096164,-0.24713869569186367,-0.6451675452430673,0.23766461764492258,0.6825592706083554,-0.25661741864769244,-0.6416976484863239,34.474673583391095
3.693089,1783325417.203,0.06756982766091824,-0.061762506142258644,0.35750001668930054,0.06711015558869063,-0.06021007896978796,0.3589319807430945,0.19862702405507854,0.6973160323678301,-0.21220022608230282,-0.6551860196680255,0.21077021180690947,0.6930471427612599,-0.22601107125155637,-0.6512914642439653,34.747134746176606
3.757085,1783325417.27,0.06842458248138428,-0.06129206344485283,0.357000008225441,0.0676236715425168,-0.06065787766710746,0.3581628894079498,0.12782679041637837,0.7522955108724155,-0.1285895177188837,-0.6333849634352584,0.1398161772913701,0.7447741754309616,-0.14264506138788977,-0.6367222711986793,33.524372475922526
3.806323,1783325417.337,0.07066371664404869,-0.06101628579199314,0.3565000146627426,0.06887005063926369,-0.06080429262522172,0.35748778668784476,0.07937595400864467,0.7669959556423722,-0.017677904659582022,-0.636477928635635,0.08699198445268017,0.7650545268060709,-0.03326698456862941,-0.6371948472737632,35.14071573972452
3.868111,1783325417.404,0.08062540739774704,-0.0655666533857584,0.3980000168085098,0.07442176215985102,-0.062863487374762,0.380753266010257,0.005982423291460983,0.7925302985763029,0.04114432259070076,-0.6084135774032912,0.015735210100664886,0.7897981660124923,0.03221969553605181,-0.6123178515656358,117.27709226837881
3.935187,1783325417.437,0.07203691452741623,-0.05477169156074524,0.3410000205039978,0.07374923461454444,-0.06078712583053551,0.36846785941685095,-0.007723924677360556,0.7719473328098099,0.059128107649545625,-0.6328834989484107,-0.002542355308439768,0.7760251302022716,0.053193396980832884,-0.6284496767774429,33.5540914538671
3.994816,1783325417.504,0.07479381561279297,-0.05298180319368839,0.33650001883506775,0.07420288736521674,-0.057257401289396784,0.34970336582207434,-0.08754712077113622,0.8026711084972968,0.10944586011450458,-0.5797207922200146,-0.07745437291583379,0.800057045214413,0.10280344028050452,-0.5859530673914854,34.93189322667941
4.051622,1783325417.57,0.08994226530194283,-0.05602378398180008,0.3930000215768814,0.08209918999645754,-0.05671686411280689,0.36984136167721915,-0.11022636722048572,0.8123518523569734,0.14528076747926022,-0.5539206753157043,-0.10588021988496193,0.8109021160206861,0.1396480863112523,-0.558323874878991,131.0672077854261
4.105677,1783325417.637,0.07957988977432251,-0.04519582446664572,0.3355000168085098,0.08093476359860373,-0.051077799064293,0.3519009343961507,-0.12068675229754477,0.794367863609232,0.13580618559547805,-0.5796301277873526,-0.1183838000313828,0.7969983592553069,0.13641432019757085,-0.5763419336466096,38.736021007309084
4.175093,1783325417.704,0.07964104413986206,-0.04311290103942156,0.333500012755394,0.08037286375495939,-0.04707550978938997,0.3415025202775262,-0.14117250604775197,0.7959969557071983,0.13705229092529386,-0.5724297682626217,-0.13697675996617584,0.7962136615922502,0.13694019538765484,-0.5731741054951989,39.300510010680135
4.232277,1783325417.77,0.0798092931509018,-0.04147773701697588,0.333500012755394,0.08013952314103462,-0.04429248507638759,0.3370813200851636,-0.14743877179236864,0.8017935491225938,0.1390715663498886,-0.5621814765631656,-0.14514948316340515,0.800589019308349,0.13860766278759573,-0.564603192974369,40.75243157116838
4.280241,1783325417.804,0.08000999689102173,-0.042030902579426765,0.333500012755394,0.08010559494834966,-0.04353751342271397,0.3357106504707616,-0.15289292334303362,0.8030982357344278,0.13692101971352402,-0.5593832426096436,-0.15000260484435632,0.8021701395735475,0.1375524954310485,-0.5613391102686098,38.9422850554312
4.343498,1783325417.871,0.08046441525220871,-0.04165889695286751,0.3345000147819519,0.08025158345499221,-0.04263888712723063,0.3350850130786476,-0.14744246401072753,0.804392557861259,0.1290997859663713,-0.5608445220623122,-0.1481387616459429,0.8037957832352937,0.13139577988320977,-0.5609834179189707,39.27258453841795
4.413949,1783325417.937,0.08083497360348701,-0.04324756935238838,0.33500000834465027,0.08048578663272771,-0.0429112124644302,0.3350440843920869,-0.11145178698095319,0.7943632810451052,0.08566929508267421,-0.5909536773606245,-0.12008174099040794,0.796885825974221,0.09640451293460435,-0.5841742254909386,37.52865567396478
4.470882,1783325418.004,0.08038756996393204,-0.04610859137028456,0.33650001883506775,0.08044658005770401,-0.044234353678812524,0.33570153079787113,-0.060952304103647104,0.7835488054832914,0.03721850898653872,-0.617212174733278,-0.07233243510082514,0.7866092452072666,0.048594271994273436,-0.6112712253297925,35.10707549219651
4.531848,1783325418.071,0.09183621406555176,-0.05666567012667656,0.3955000191926956,0.08573459582479213,-0.04979917844547263,0.3725845334865838,-0.012172114971601812,0.7831068351553876,-0.01646952394074862,-0.6215499007571281,-0.022529621019529846,0.7841541683708733,-0.005284640245670916,-0.6201344442786375,124.91967878513788
4.582016,1783325418.137,0.08896467089653015,-0.05646723136305809,0.396000012755394,0.0872142352631452,-0.05290041188410888,0.3874365332561387,-0.005407413666967911,0.7907617407513878,-0.010802015290464834,-0.6120048575844262,-0.00888654818486443,0.7894469341868284,-0.009681356344597885,-0.6136781230447313,123.62849446765517
4.6472,1783325418.171,0.07618251070380211,-0.04989100433886051,0.3370000272989273,0.08436820700061971,-0.05205264648812874,0.3728692224324702,-0.0014189665765161762,0.7907209377963673,-0.015744288328261486,-0.6119726321081074,-0.004057664058426041,0.7902795344902358,-0.013602116322382184,-0.612582055858509,32.250953540367895
4.708815,1783325418.237,0.07641400769352913,-0.049649350345134735,0.34050001204013824,0.08081853324763566,-0.05108311339999187,0.3543580017488573,0.009932004934663525,0.7825886218442486,-0.025564655278240353,-0.6219347655810874,0.006519596722109852,0.7844998957774691,-0.022647475887484097,-0.6196809664816624,32.72241770967148
4.756638,1783325418.304,0.07570312917232513,-0.049340639263391495,0.34300002455711365,0.07845624153597452,-0.05040459546316482,0.34782748822744186,0.027724055193647748,0.7522489114878886,-0.040409671801192815,-0.6570540391427679,0.02296933670467796,0.7597021615145273,-0.03643161169072339,-0.6488434117960344,33.34536936588798
4.829254,1783325418.371,0.07637329027056694,-0.04896605759859085,0.35200001299381256,0.07751170639653612,-0.04983588213765737,0.34997591155826985,0.05000347333994096,0.7396632698819908,-0.05909177605616502,-0.668510330394341,0.04394563421609541,0.7442910233823171,-0.05401710064580439,-0.6642151809343636,33.493469103796244
4.890108,1783325418.437,0.07762172445654869,-0.05021481215953827,0.36500000953674316,0.07755914451378154,-0.04998242933556182,0.3558652047191304,-0.09585783925240929,-0.6977764160630251,0.1144904938684436,0.7005792422373499,0.08633136996038551,0.7068935975273414,-0.10339504552909783,-0.6943758354779149,30.886003596979688
4.947038,1783325418.471,0.08151349425315857,-0.054912418127059937,0.41600002348423004,0.07855018520735796,-0.05131734856877092,0.38556593957034613,-0.09457437630341736,-0.6722234126255154,0.1239962808576911,0.7237377240398528,0.09223680106584432,0.6823349852395293,-0.11812475054539001,-0.7155123225744615,83.91509105782124
5.010441,1783325418.538,0.0793873704969883,-0.054431237280368805,0.4205000102519989,0.07887542032343059,-0.052661963885453446,0.40955139217431036,-0.10997427563577362,-0.655773623518747,0.1476340837103781,0.7321685534919377,0.1067706346320955,0.6607032093365738,-0.14229858377068683,-0.7292615537716685,75.73654678026939
5.067755,1783325418.604,0.08045253157615662,-0.05363263189792633,0.42350001633167267,0.07949578980105926,-0.05307135864061971,0.4187950892314457,-0.13519526413298225,-0.6106584764987103,0.17862659830520583,0.7595465779096091,0.13025291255903348,0.6197013183862121,-0.17231238904862844,-0.7545282601338625,69.754784973145
5.121535,1783325418.671,0.07688235491514206,-0.04917174205183983,0.3980000168085098,0.0784555210380177,-0.05155599017346196,0.40743701788768927,-0.12951542679224426,-0.6125082345846117,0.17465375935607053,0.7599707107064436,0.1296728084778117,0.6140385085686076,-0.17415838185349772,-0.7588218043562586,28.05987304765722
5.184693,1783325418.738,0.0810534879565239,-0.05414913594722748,0.43000002205371857,0.07948736090866715,-0.05260800521910482,0.42080591650287924,-0.1414222659597638,-0.5900622822931483,0.17550446187341093,0.7752576536663998,0.13875495074268684,0.5955814468336229,-0.17521269122047875,-0.7715765138126226,55.168069248681945
5.24798,1783325418.771,0.08232425153255463,-0.05395177751779556,0.43050001561641693,0.08022720425531175,-0.05295372241117137,0.4249643517931535,-0.14551048016134704,-0.5932433391339884,0.16358478348153963,0.7746799722141187,0.14290090400265265,0.5941614767717749,-0.16808611967350376,-0.7734975937446171,56.32121762557272
5.311033,1783325418.838,0.08201916143298149,-0.05402527377009392,0.4280000180006027,0.08098005683597696,-0.05339567151514611,0.42668980118112576,-0.15503216419810598,-0.566448907773339,0.15569452437415568,0.7942668808570256,0.15214585972779085,0.573168201936468,-0.15868569734466328,-0.7893976812195774,60.76902497363086
5.369736,1783325418.904,0.0748608410358429,-0.051042478531599045,0.3865000158548355,0.07852517295855367,-0.052488127521079175,0.4078213667449891,-0.12954254385936342,-0.6323648020001108,0.15660562487181426,0.7475347247989985,0.1343259333448304,0.6203009794446487,-0.15711484523040942,-0.7566360842170259,23.24214642065796
5.427415,1783325418.971,0.07990192994475365,-0.059506410732865334,0.41350001096725464,0.07906247240773828,-0.0555327514387655,0.41018611620982565,-0.09541451279727556,-0.6813071298130973,0.14476871740338873,0.7111671280893652,0.10254612144896424,0.670587203089049,-0.14709503759340986,-0.719833415412465,88.34728673135747
5.488295,1783325419.005,0.08366991207003593,-0.06317412294447422,0.4100000113248825,0.08030142721329694,-0.057944957230880716,0.4101371715749116,0.0898479069280077,0.7059090368709987,-0.12983540892465797,-0.6904799431365708,0.09350082855838956,0.6959985511203224,-0.1348025442393976,-0.6990507034285082,94.80031206851447
5.546558,1783325419.071,0.08269621804356575,-0.06227695755660534,0.40400002896785736,0.08131285160815091,-0.059991056610999016,0.4074381779049384,0.0816912476539076,0.7359106763258876,-0.13350338714933416,-0.6587403601920696,0.08379126339683723,0.7290600680586635,-0.1337647597977521,-0.6660010738556721,104.65663635409466
5.59963,1783325419.138,0.08918265253305435,-0.05835171975195408,0.39900001883506775,0.08494220773172281,-0.05926448081935479,0.4034295849942604,0.08790480854651957,0.7632681794533395,-0.11483360784552964,-0.6296885526810564,0.08717888540816017,0.7572382740864388,-0.11828469414799823,-0.6363951361598367,120.91127614184623
5.661344,1783325419.205,0.09222300350666046,-0.05578429624438286,0.39650002121925354,0.08844063156441974,-0.057852773651848405,0.400048321223324,0.08572336691085707,0.7690515224336397,-0.10382914676045585,-0.6248445954723167,0.08603114857662915,0.7666121424565938,-0.10685597278214788,-0.6272848360940011,124.44276755144335
5.727144,1783325419.238,0.09706426411867142,-0.052906518802046776,0.3955000191926956,0.09140494079490705,-0.05658793544103236,0.3985500358300258,0.09066471962888982,0.7713116394693658,-0.11032472730174743,-0.6202311810764507,0.08895427968306314,0.7695851987461679,-0.10904478946916754,-0.6228442757917209,127.2057870518662
5.788663,1783325419.305,0.08388505131006241,-0.04416840523481369,0.333500012755394,0.08807324161395028,-0.050673636351202166,0.35448503256593566,0.10532792308301843,0.7621883041133423,-0.10833647123531609,-0.6294745639754833,0.10122072172179142,0.764071719374696,-0.10851804559641605,-0.6278316708528248,25.638887690947794
5.846049,1783325419.371,0.08397697284817696,-0.044517241418361664,0.33750002086162567,0.08644339842519114,-0.04770908445322499,0.3432434098180074,0.08717720647184027,0.7630946848710561,-0.10783646352215272,-0.6312352443648447,0.09116129648649841,0.7633880316585402,-0.10803203811080253,-0.6302835948087387,24.759351562818367
5.907427,1783325419.438,0.08324772492051125,-0.045428911224007607,0.33750002086162567,0.085169076438082,-0.046633408004365336,0.3396332858339514,0.10442846677729414,0.7633434725913028,-0.08632529672355814,-0.6316243989305548,0.10060772699247218,0.7634071781255979,-0.09259363458359365,-0.6312796404845635,25.342633386976413
5.96277,1783325419.505,0.08233940228819847,-0.04674885608255863,0.33900001645088196,0.08399757493089564,-0.0466851924155026,0.3392650037106033,0.09335487338411558,0.7637217996041163,-0.08375862631438531,-0.6332443232614192,0.09566704043225571,0.7636327195551487,-0.08657473713964348,-0.6326276170773314,25.971463862324725
6.031026,1783325419.572,0.08294476941227913,-0.04721008986234665,0.3385000228881836,0.0835626618730344,-0.046910102250715846,0.3388510313374321,0.10488522369372362,0.7281922306872766,-0.09169101745380197,-0.6710647676161312,0.10241215305271407,0.7380186218804315,-0.0903278322702301,-0.6608185434611965,26.569952620318343
6.094269,1783325419.605,0.09876669943332672,-0.05932718701660633,0.3985000252723694,0.08824879655441031,-0.05043723828026217,0.364043464264392,0.10728872196921814,0.7497024742722703,-0.10398734032391427,-0.6446874927130245,0.10527691906155923,0.7449186487297177,-0.09833770611019474,-0.6514158983664602,121.31000873827591
6.155076,1783325419.705,0.11632085591554642,-0.07486115582287312,0.4585000276565552,0.10655130910410668,-0.06579575384146988,0.43966298839401013,-0.2055750033822777,-0.6268610497490276,0.07471892649753002,0.7477975824479378,0.19402193067281434,0.6420009606522976,-0.07765792112488572,-0.7376716777985189,36.4807140917862
6.21721,1783325419.738,0.0924622155725956,-0.07669666409492493,0.3425000160932541,0.10243014431022619,-0.07002580021074961,0.4064308338162217,0.13242658486674358,0.7524460739096454,-0.0774014617965894,-0.6405443928333484,0.14554756026318064,0.7309993014663597,-0.07761758210521866,-0.6621415557909575,28.01722857089484
6.273724,1783325419.805,0.12338392436504364,-0.1102134995162487,0.4580000340938568,0.11371822720614194,-0.09606871625026862,0.4355107847854879,0.20299226425865224,0.7014924231372491,-0.08892907444154971,-0.6773434436466816,0.1957589179954562,0.7054099762805159,-0.08751702834205616,-0.6755856578845838,29.310532084056184
6.334981,1783325419.872,0.11273148283362389,-0.1121225543320179,0.4090000241994858,0.11322719230096864,-0.10635113618032863,0.4249766525293536,-0.2204901126145767,-0.6792595571430581,0.05215574810600148,0.6980475214543287,0.21702896214335007,0.6830885034943202,-0.05717271282817619,-0.6949962639415678,116.75679531426579
6.395781,1783325419.905,0.0990896187722683,-0.10640620067715645,0.357000008225441,0.10982373082824215,-0.1063752797653324,0.39006423226747433,0.20850298892561464,0.7060588817488636,-0.03848188539487552,-0.6756674504584966,0.21070444040424027,0.700287234962005,-0.043255316540737186,-0.6806837774871428,28.999487599439217
6.450962,1783325419.972,0.10038746893405914,-0.10951587557792664,0.35350000858306885,0.10558434499785774,-0.108185776473679,0.3643294543768107,0.19645871257462508,0.7274654430179127,-0.06626799168082745,-0.6540692293227551,0.1987754476773537,0.7232074907988048,-0.0625818811039062,-0.6584396364213357,26.832591978485773
6.503185,1783325420.039,0.10422517731785774,-0.11513408273458481,0.3555000126361847,0.1049859935307649,-0.11207898703382041,0.3584200052887592,0.17347904442160486,0.7396465040832169,-0.04613380521461445,-0.648613707965275,0.17806903159020812,0.7367443038816615,-0.049111973184942065,-0.6504515852669845,26.11180072621908
6.56643,1783325420.105,0.11848648637533188,-0.13126595318317413,0.40650002658367157,0.11082775862458338,-0.12334747690251084,0.37831710572076793,0.1412535264808451,0.7503937615904974,-0.049766009867681024,-0.6438012023013308,0.14853204529444242,0.7477960486756551,-0.049643270450657466,-0.6451936506233535,104.66542640282061
6.629677,1783325420.139,0.10493927076458931,-0.11508705094456673,0.35600002110004425,0.10938061503597715,-0.12035150182921417,0.3699229030559428,0.16723262023552662,0.7410641747695207,-0.035604613266604176,-0.649299199996785,0.16112748992723055,0.7433156134670986,-0.040198578895043253,-0.6479999267134219,26.27247240819922
6.679847,1783325420.205,0.11848648637533188,-0.12934041023254395,0.40650002658367157,0.11337756504399546,-0.1251178577271148,0.3873308810735526,0.17594197677076015,0.7298944158865528,-0.03285793171510599,-0.6597112389455183,0.17262432162380786,0.7329457814300041,-0.03450801839798426,-0.657115303226249,104.41884380545325
6.745191,1783325420.272,0.1180829107761383,-0.12628096342086792,0.406000018119812,0.11551669928320622,-0.12570377928259607,0.3974493766191647,0.15129814124359542,0.7400851527298122,-0.03127077689859566,-0.6545265293914999,0.15653282150135034,0.7383709965495532,-0.03206578531589005,-0.6551927446632184,105.32846328655428
6.803499,1783325420.339,0.1316739320755005,-0.1360846757888794,0.45750002562999725,0.12388525913930815,-0.1311288885681057,0.4383613403078789,0.12995401791763184,0.7584165419367318,-0.0496615556121295,-0.6367495834611724,0.1364043927054964,0.7536897864095415,-0.04541313765150137,-0.6413136474777615,35.0413796033043
6.870077,1783325420.405,0.1313125677406788,-0.12655866146087646,0.4580000340938568,0.12771980275092804,-0.12901521097941762,0.45152403573442257,-0.581248136212465,-0.024524976506087343,-0.17842702226297238,0.7935445339760588,0.5686739473853757,0.06634213595014363,0.16962503013461883,-0.8021446326657913,35.94384219649047
6.930702,1783325420.439,0.1325514018535614,-0.1116994246840477,0.4580000340938568,0.12945992893410618,-0.12397348122511798,0.45474704326879617,0.06017869494586164,0.7811160458691562,-0.06122210630732348,-0.6184562242064041,0.09147935777378868,0.7578814232007283,-0.04913584744136758,-0.6440752626555009,32.14043803121803
6.99178,1783325420.506,0.11756683886051178,-0.09202790260314941,0.4050000309944153,0.12437733053639877,-0.10561386425964568,0.4354249482184426,0.41171193069227285,0.6119381174078202,-0.3720665068540031,-0.5635526071862981,0.4039394563540391,0.6180771090901023,-0.3640885251994806,-0.5676734524683117,122.75365864292259
7.041257,1783325420.572,0.12464656308293343,-0.07744422554969788,0.45900002121925354,0.12448883587186232,-0.08810587954459898,0.44754889906227757,0.42030394747724187,0.5961323669756392,-0.39668836530065277,-0.5573231859649889,0.41970706219717613,0.59697281600455,-0.3954840983832304,-0.5577291159867994,36.50650931375206
7.104428,1783325420.639,0.12177612259984016,-0.060234421864151955,0.4585000276565552,0.12342857587836067,-0.06991523596163866,0.4534000834463973,0.4124577240881675,0.5655095436121819,-0.45356755583528185,-0.5516829290608503,0.4128477661416116,0.5670777590421304,-0.4508249208397053,-0.5520293723539628,35.87181993929082
7.168096,1783325420.706,0.12216345593333244,-0.03872583992779255,0.45900002121925354,0.12293119337215985,-0.048819453547204086,0.45633176279646936,-0.39789318951712094,-0.5232831123577183,0.5017660366288765,0.5622158291464774,0.3988582320103942,0.5260204550590589,-0.4987356073274454,-0.5616737359007696,34.234237754241356
7.235703,1783325420.772,0.12105876579880714,-0.017667143139988184,0.4595000147819519,0.12218136699172852,-0.027367646862084788,0.4579204305454623,-0.4105963981977154,0.05712078304068563,-0.0799068466717591,0.9065112849749075,0.4164355396891241,-0.034680871890006994,0.05799691495822461,-0.9066504487751083,35.68739923654481
7.295511,1783325420.806,0.10231985151767731,0.0029545389115810394,0.40000002086162567,0.11505492003559575,-0.0100567743723557,0.4322109396605962,0.013970306886303255,0.7819240877800048,-0.1593048019816453,-0.6025126816428834,0.03417781546143787,0.7595845199176365,-0.1522369592016848,-0.6314167738386446,119.45331200216125
7.343399,1783325420.872,0.12104146555066109,0.0024566594511270523,0.4585000276565552,0.11778778075251609,-0.0014074232797169138,0.4438408193889178,-0.008181285074995662,0.8200625058317261,-0.14285611993384148,-0.5540962751191886,-0.006974494259793613,0.8184685200496902,-0.14314646209059395,-0.5563899069074097,28.46730264420359
7.4066,1783325420.939,0.10322703048586845,0.0192769393324852,0.4035000056028366,0.11030166777930178,0.012754419838119388,0.4196056280541436,0.013992159714612576,0.7796425192404987,-0.16960040680879795,-0.6026586626517035,0.013212091257417737,0.781156229416784,-0.16862923183591472,-0.6009863293440109,119.62095118695234
7.473589,1783325421.006,0.10222027450799942,0.024939465103670955,0.40300001204013824,0.10610148846478956,0.020797540178084793,0.4094988920858081,0.0011765032968640567,0.7672009198000342,-0.1566726318038481,-0.6219767286174216,0.0017798261227695853,0.7679173062726361,-0.15727541273128814,-0.620938231627071,121.03416313134734
7.5342,1783325421.073,0.10314427688717842,0.026297245174646378,0.4025000184774399,0.10462015515343963,0.024226594525932357,0.40540197648148696,0.0017786027011786971,0.7533372376866165,-0.15460716744571568,-0.6391998644098275,0.0017787151625963888,0.7543247983003938,-0.15478818615381065,-0.6379902446500683,122.02618937821181
7.582564,1783325421.106,0.10451296344399452,0.02430735994130373,0.4025000184774399,0.1045861803888358,0.02426067102994106,0.40424748856848836,-0.007834926986099494,0.7691142688785565,-0.16154047944919134,-0.6183094118852238,-0.006470250401774792,0.7670491873884141,-0.16058904990773085,-0.6211318998701034,121.99066218327272
7.650086,1783325421.173,0.10352620482444763,0.021578290965408087,0.40300001204013824,0.10409309221953228,0.022808750333436163,0.4035790862865124,1.4353075743112404e-05,0.7345880259778792,-0.15423586450092078,-0.6607508834542453,-0.0005868998208199034,0.737681444937119,-0.1548424887736022,-0.6571526040536411,120.98538559809855
7.715447,1783325421.239,0.08865854144096375,0.01469466759590432,0.3450000137090683,0.09610664492292464,0.019069934290148333,0.3641124139164015,0.0031357933085050522,0.7372599880638934,-0.13784702805807722,-0.6613895022268722,0.002688891020339032,0.737323084098961,-0.13988987988436186,-0.6608920191875645,26.63502743863281
7.774545,1783325421.306,0.10193899273872375,0.014578589354641736,0.40050001442432404,0.09877705842929335,0.01719904696415655,0.38216847675738397,0.0005162079257128012,0.7543528821399348,-0.1410218138917452,-0.6411429721545991,0.0008306408417271095,0.7519205115158315,-0.14086399798894,-0.6440280960238725,123.22176852928303
7.821645,1783325421.373,0.10024955496191978,0.011843654792755842,0.396000012755394,0.09941005263860384,0.015044551687318077,0.3875668791517629,0.016923321991430915,0.757015086310397,-0.13749289673268333,-0.638543235512907,0.01409189451933723,0.756136507960582,-0.138089362736445,-0.6395235161720602,131.9282992765288
7.890082,1783325421.439,0.10505516827106476,0.011454959632828832,0.3905000239610672,0.10161443365245872,0.013545411014480894,0.38875628795875755,0.0377229566987533,0.7496642654113596,-0.1340745074560132,-0.6469965178836578,0.03292237968528438,0.7510204506467634,-0.13489775986538047,-0.6455129696679166,143.6483375041499
7.948339,1783325421.473,0.10687829926609993,0.010750953806564212,0.3890000134706497,0.10308198563222869,0.012758871544832755,0.3888192936028608,0.04406075410097537,0.7632527082785157,-0.13103756846732695,-0.631136363160716,0.04030863116614475,0.7591716556869678,-0.13234602660570532,-0.6360174059699167,149.32130007387784
8.014382,1783325421.54,0.11057652905583382,0.008080944884568453,0.38200001418590546,0.10655298416860914,0.010654941531023056,0.3859663298940613,0.05439960095759946,0.7530558155911548,-0.12906975312287283,-0.6428752762774406,0.05107258892720862,0.7545204027481077,-0.12984706752965747,-0.6412724004282847,164.1440431978086
8.071832,1783325421.606,0.11244786158204079,0.002613736316561699,0.37550000846385956,0.10933152464130327,0.006846846871289688,0.3810791671013325,0.0751010668086032,0.7466532887363436,-0.11699654541715421,-0.6505232544220565,0.06907473810818109,0.7486908912571717,-0.12023259977461012,-0.648255159528458,176.41499541228006
8.131739,1783325421.673,0.11595510318875313,-0.0005694646388292313,0.3710000067949295,0.11255375268812773,0.0031993615205636794,0.3760383517371174,0.06338942411243521,0.7568393539956133,-0.12614559864007263,-0.6381718115820647,0.06496844415428822,0.7545962268681665,-0.12450787375616891,-0.6409847307332802,186.22578963758826
8.190485,1783325421.74,0.09101158007979393,-0.0054030828177928925,0.2735000103712082,0.10291229329866532,-0.0011618450193303608,0.3004848793639999,0.09098698480451244,0.781719802040707,-0.11110940354484954,-0.6068691952451772,0.08449814131987288,0.7751330219636554,-0.1144917447550366,-0.61556518968987,28.69062392688697
8.235102,1783325421.773,0.0915006622672081,-0.005965400720015168,0.271000012755394,0.0990728001418276,-0.0028149837088999523,0.2827293526646447,0.09517890104596703,0.763809225152453,-0.1355338656578696,-0.6238325220983,0.09103470479375259,0.7682803413078146,-0.12736474809138773,-0.6206740051159542,28.27940416221268
8.298857,1783325421.84,0.09281903132796288,-0.006119509227573872,0.271000012755394,0.09590278933809868,-0.004465869546815856,0.2742871082331964,0.09725475560274073,0.7771000802042473,-0.12000976755952347,-0.6101267356455647,0.09559692860440881,0.7747669858179013,-0.12197656731050395,-0.6129592661467755,30.18559548998716
8.362253,1783325421.873,0.09161914139986038,-0.007688156329095364,0.2705000191926956,0.09443919097590056,-0.005533436308529392,0.27226801948562784,0.09494128833764796,0.7795033572645573,-0.10931356163515243,-0.60943515899947,0.09522562039632722,0.777484468186979,-0.11476378999144782,-0.6109658382061505,29.148043930053134
8.410249,1783325421.94,0.09235483407974243,-0.007909371517598629,0.27400000393390656,0.09341426803267078,-0.006684166807493984,0.27337845621927576,0.09641117434684485,0.7808119854518101,-0.09424999195181653,-0.6100446441474157,0.0960735486729679,0.7798870953590039,-0.10017049338101659,-0.6103375000716265,29.6827582509594
8.478243,1783325422.007,0.09283246099948883,-0.00971062178723514,0.27900001406669617,0.09314214359811715,-0.00812140876284021,0.2765973436281858,0.10480745202558989,0.7685133286243154,-0.11558231079287874,-0.6205186469063256,0.1022130210429365,0.7719436781203195,-0.11100022093010822,-0.6175227988445575,29.349944023760987
8.538534,1783325422.073,0.09459486976265907,-0.010682467836886644,0.28850001096725464,0.09377293710169134,-0.00930499154538549,0.2822221736407353,0.0719485752706204,0.7854197098531875,-0.1093030499281111,-0.6049728301065059,0.08066092291420358,0.7816456575796902,-0.10980518748676589,-0.6086597590628438,28.22283101685378
8.599169,1783325422.107,0.09273328259587288,-0.013085018140600368,0.2940000146627426,0.09347926695592546,-0.01050115887249372,0.2851738495913724,0.08583173924914454,0.765404503047513,-0.10821464603199696,-0.628552662579856,0.08368295532828238,0.7722403351856124,-0.10888688263738193,-0.6203109498384263,27.236389117729914
8.650666,1783325422.173,0.09356193244457245,-0.014932335820049047,0.30550001561641693,0.09351389867777052,-0.012599120824030377,0.2954155121622404,0.1038119672599806,0.7512557700956523,-0.0912377959016249,-0.6453785772324758,0.09863994413526114,0.7567944596205515,-0.09580375593243082,-0.6390257801199178,26.784266201449118
8.721532,1783325422.24,0.11192350834608078,-0.018145606853067875,0.3880000114440918,0.10225180580784048,-0.01527578231159777,0.3625368277691238,0.06228210906238322,0.7759347238530739,-0.09268577158361331,-0.620850699408276,0.07120189752102568,0.7713907177011562,-0.09346710526909713,-0.6254202992120708,147.0886830519344
8.779751,1783325422.307,0.10958803445100784,-0.018439305014908314,0.3930000215768814,0.10584397310936092,-0.016776338081472157,0.3845596031043247,0.06667936392958615,0.7646353331568428,-0.10230777633803298,-0.632787317046444,0.06793044591665044,0.7665172962574902,-0.09986677320804112,-0.6307640736952967,137.07404752726276
8.839098,1783325422.373,0.10789363086223602,-0.018606439232826233,0.396000012755394,0.10680809818285075,-0.017614169721517435,0.39243589564495795,0.061619384065056834,0.7635895930672707,-0.10542959437939003,-0.6340493557254043,0.06360416273679893,0.7645174728843812,-0.10368168333016804,-0.6330226320431623,130.66047617214446
8.90256,1783325422.44,0.09027234092354774,-0.016448027454316616,0.34050001204013824,0.09972596620960798,-0.017107392335482738,0.36936807638926916,0.04564816256934937,0.771618465541165,-0.10749480030737835,-0.6252727859077324,0.051371402220645526,0.7693934730102836,-0.10628511132964262,-0.627772361475642,26.992297098850266
8.950594,1783325422.474,0.08642751350998878,-0.018045981414616108,0.3465000241994858,0.09519536396154887,-0.01736984155509632,0.3617121840861877,0.03814276679925303,0.7601900048627125,-0.12288464409818739,-0.6368325133758395,0.044090262063681676,0.7643838537057137,-0.11543466082011138,-0.6328097755775455,26.508828730700166
9.020864,1783325422.54,0.08507608622312546,-0.019779093097895384,0.35100002586841583,0.0899463933375925,-0.0184096762183353,0.3561744630242513,0.055877627701861034,0.7422897971839163,-0.12002385753125011,-0.656869714130885,0.05252490921764187,0.748679993167238,-0.11873082503119145,-0.650094141590428,26.03480631312298
9.078056,1783325422.607,0.0849110558629036,-0.022004772443324327,0.35350000858306885,0.08736641159888778,-0.02000356558606374,0.35483628550459045,0.07195607978254459,0.7314171488613307,-0.12514031517458948,-0.6664766901039336,0.06651039122650622,0.7363342385445067,-0.12335410494262586,-0.6619456335680312,25.670442359598646
9.137675,1783325422.674,0.09519504383206367,-0.024607615545392036,0.406000018119812,0.09079893490685226,-0.02209624217009573,0.3839797454532351,0.06888874864395102,0.745666128257263,-0.10870141830782315,-0.6537739419233235,0.06818176987618568,0.7429107986728176,-0.11307788737000227,-0.6562379011149877,107.15870295447652
9.188666,1783325422.74,0.0829077661037445,-0.02270074049010873,0.3565000146627426,0.08712455312459422,-0.022359928500097763,0.37319195656423043,0.07874850142003723,0.7228126671777773,-0.10834635785154849,-0.677939221783008,0.07565273662723039,0.728792204496179,-0.10974759825561746,-0.6716353555192982,25.866486019365894
9.254645,1783325422.774,0.09362510219216347,-0.025641505606472492,0.40700002014636993,0.0888254586924754,-0.023332346045753537,0.3869247118977279,0.07639867955954473,0.733883698235977,-0.11139582880613072,-0.6657093423932388,0.0760548759130424,0.7315387363674598,-0.11063570368522047,-0.6684508015657009,104.78987546780452
9.314361,1783325422.84,0.08225749433040619,-0.02274995530024171,0.357000008225441,0.08592761969349125,-0.02308285538225049,0.37487358024085343,0.0821984660538926,0.7336048820530835,-0.10741900246454882,-0.6659793143302499,0.08009711132997872,0.7329028223741462,-0.10852023355127761,-0.6668292619723433,25.93920494698403
9.363682,1783325422.907,0.09318474307656288,-0.025064007379114628,0.40700002014636993,0.08877809262296771,-0.023937945115660504,0.392344991727433,0.07477488947142204,0.7326264883299654,-0.1192650748526467,-0.6659151495665436,0.07668739176057639,0.7327379208919093,-0.11540849249097858,-0.6662545032440094,104.56570735037712
9.429356,1783325422.941,0.0927443839609623,-0.0252565061673522,0.40700002014636993,0.08985085634465378,-0.0243068796369251,0.3984646715812722,0.07073724375610159,0.73407919683467,-0.11608474596563612,-0.6653181997168341,0.07391725684769265,0.7333659576433464,-0.11572392234409831,-0.6658217367338397,104.61967127605038
9.484115,3566650836.409,0.08125345036387444,-0.022453611250966787,0.3555000126361847,0.08125345036438596,-0.02245361125107705,0.355500012638741,-0.23661055606448742,0.7392005700369688,0.2531336298151002,-0.5775130539412131,-0.23661055604699696,0.7392005700421139,0.2531336297941163,-0.5775130539509906,26.64139588859233
9.5495,3566650836.475,0.08546984940767288,-0.06626102700829506,0.4025000184774399,0.08298916640163068,-0.048224969299175274,0.38360691749423503,-0.011023911939781845,0.7873845367102937,-0.03416168867022686,-0.6154161549246643,-0.03831239324026364,0.7873280383849296,0.00023919030469297248,-0.6153427201853778,107.62735696465047
9.608261,3566650836.542,0.07287371531128883,-0.0566200315952301,0.3490000069141388,0.07860721073623314,-0.05306903411532034,0.36988247590583034,0.0275234657013948,0.771324366754019,-0.014137302968131378,-0.6356896387012161,0.019166605504234446,0.7735806707371442,-0.012314775054885912,-0.6332881914347233,22.62255609342378
9.666089,3566650836.609,0.07313988730311394,-0.05878564715385437,0.34850001335144043,0.07613288928227388,-0.056248874642260964,0.35894261707984776,0.01869373160917004,0.7805253504467943,-0.0284985430171165,-0.6241943245130759,0.01876815080051076,0.7794597734589572,-0.025968924462984294,-0.6256323465399436,22.056816303110026
9.744267,3566650836.642,0.07366573438048363,-0.05821191519498825,0.3475000113248825,0.07540649365393193,-0.05697415177725125,0.3546326556385363,0.011882769595065627,0.7802836307737048,-0.010067675842241193,-0.6252318747764632,0.013883632807332747,0.7800684799899661,-0.014687973531366295,-0.625367631637389,22.327306740952263
9.806957,3566650836.709,0.07432141155004501,-0.05795343779027462,0.34700001776218414,0.07492306647614064,-0.0574739891823933,0.3504812319867429,0.012409794295811473,0.7817640785778254,-0.020857226403918544,-0.6231018364261458,0.012716546930133101,0.7814143348011788,-0.019573498198707618,-0.6235758213478696,22.55399695378156
9.869597,3566650836.775,0.07413098216056824,-0.05795452184975147,0.34700001776218414,0.07458194838175744,-0.05770386829276452,0.34867623254623153,0.02019099603307237,0.7818896900422853,-0.010858713755693805,-0.6229951240742927,0.01834296325525232,0.7817817771401142,-0.013013839150461332,-0.6231463942134522,22.596159843322148
9.917121,3566650836.842,0.07424512133002281,-0.058241112157702446,0.3475000113248825,0.07443940000030412,-0.057951065817347436,0.34809458430828355,0.01911491165153264,0.7817468013134254,-0.018901124604441797,-0.6230162969597738,0.018892664673713925,0.7817597013535366,-0.017205693113521905,-0.6230560172935008,22.468062429083137
9.985218,3566650836.909,0.0737566240131855,-0.05776743032038212,0.34700001776218414,0.07415447916934449,-0.05787039765985365,0.3475773530396848,0.007033152714010904,0.7818885150844467,-0.013720717919491676,-0.6232275881583822,0.010789818222310506,0.7818606445028805,-0.014824825072203531,-0.6231835499769295,21.944286421102234
10.043258,3566650836.942,0.08439062163233757,-0.06304472871124744,0.40000002086162567,0.07701015986441798,-0.05942340243915023,0.3703627467324432,0.019381185352622007,0.7801158306864905,-0.01904929030408667,-0.6250446263312444,0.015170548024546121,0.7809805829190379,-0.016978992579813303,-0.624140126403558,114.89121323553418
10.091049,3566650837.009,0.08369166776537895,-0.06028484180569649,0.40000002086162567,0.0801077210403721,-0.059810442836016414,0.3895541908203327,0.0082163590110091,0.789622071290083,-0.010361250859517456,-0.6134509927099209,0.010545963790795788,0.7867522746624179,-0.012578227743672045,-0.6170505888078082,117.38447443695193
10.164141,3566650837.076,0.08086885139346123,-0.053972337394952774,0.398000031709671,0.08044821748623278,-0.057505106364592634,0.3947975004921699,0.005250963512012236,0.789680337321013,0.0026613259390155936,-0.6134902685251112,0.007079105189482635,0.788694620297353,-0.0025996876634750044,-0.6147389070229594,124.9519350869771
10.221708,3566650837.142,0.07132120244204998,-0.04656395502388477,0.34050002694129944,0.07679901607924901,-0.05261259610228516,0.36875420913915286,0.006964916254280169,0.7983449530226142,0.014263426048565278,-0.6019911798375853,0.007004299398983604,0.795100788243428,0.008510724389798757,-0.6063771465803849,62.119958828778344
10.280994,3566650837.176,0.07121950201690197,-0.04799200966954231,0.3400000184774399,0.07520234224820044,-0.05117676004750221,0.3562850592969131,0.019867400811225885,0.797865396491945,0.025299047818577853,-0.6019767882943917,0.013792024412309485,0.7966065554352997,0.017369710993802908,-0.6040911098833592,65.54470649863622
10.35027,3566650837.276,0.0716750044375658,-0.04875877406448126,0.34050002694129944,0.07329803384961485,-0.04983984970557254,0.34554412611517005,0.015290070896002133,0.8009990430011709,0.023474681025823816,-0.5980097709853405,0.014876218040866562,0.7997928098978847,0.02178773968194405,-0.5996961345314795,64.86176242347264
10.408039,3566650837.309,0.07205314934253693,-0.04841000121086836,0.34050002694129944,0.07295033616488751,-0.04942634767861751,0.34348493781158823,0.02477056634403813,0.7918044502101816,0.026356496829593734,-0.6097027691795565,0.01969869264804902,0.7959279802626692,0.024015064622843425,-0.6045939864190731,61.626907164255236
10.461873,3566650837.376,0.07168961316347122,-0.04859655350446701,0.34050002694129944,0.07240420103350807,-0.04906172810971844,0.34183955877712546,0.0291396629492067,0.7917280265651413,0.02101876176048767,-0.6098162212081024,0.025729155585909953,0.7932585197803994,0.022101661941261955,-0.6079395100567818,61.035860617875386
10.526971,3566650837.443,0.07206124812364578,-0.05025283060967922,0.3420000225305557,0.07225933738772247,-0.04955892528447169,0.34192169066416467,0.02889293218708297,0.7825339234909853,0.0073735899480797595,-0.6218934693552547,0.02778934601283807,0.7863285764423695,0.01251967914182774,-0.6170562209008843,57.227731205846595
10.594535,3566650837.509,0.08133891969919205,-0.057374121621251106,0.40150001645088196,0.07605929002600828,-0.0527951175866504,0.37697155423361506,0.027417912679963137,0.7793479533361071,-0.0013007631271112026,-0.6259898830735066,0.0275511763138462,0.7818621540956943,0.003620326373320027,-0.6228317573097208,115.74024662432008
10.657146,3566650837.576,0.0843229703605175,-0.06268842332065105,0.4025000184774399,0.07986836698388383,-0.05741520073839966,0.39298557313405813,0.0037157669405216615,0.7731770438576219,-0.02364310547765973,-0.6337384756277663,0.011163246491615495,0.7760155966442795,-0.015129037140992695,-0.6304334127628205,111.86727055700165
10.714335,3566650837.643,0.073772843927145,-0.05643400736153126,0.34800001978874207,0.07741116333338366,-0.056983577529661704,0.37402216388211434,0.0024576323110527725,0.7617210682420746,-0.04544344938846743,-0.6463047788367761,0.004985283089571226,0.7659847126848195,-0.036649817178333335,-0.6417938592620422,10.903225061363637
10.773303,3566650837.709,0.07388914749026299,-0.05822274461388588,0.34850001335144043,0.07601554574444727,-0.057515472949162746,0.36031669256832993,-0.013191780363076005,0.7695635473908552,-0.04860035905341817,-0.6365814390617546,-0.007687958480091593,0.7685214660550628,-0.044984024957515745,-0.6381943975040888,7.556346228213039
10.821642,3566650837.743,0.07390319928526878,-0.05781613476574421,0.34950001537799835,0.07545826932741105,-0.05759809792762352,0.35598344761328815,-0.011900263518696254,0.7694324371550875,-0.06044113304653662,-0.6357507198720413,-0.009997343592337815,0.7690459256383355,-0.05345889093372361,-0.6368756270735352,8.137807636990914
10.887043,3566650837.809,0.07437115535140038,-0.05792481265962124,0.3490000069141388,0.07501286544009445,-0.05773356518116751,0.3521343341041655,-0.012639100372211349,0.7614803625526982,-0.05738739919732571,-0.645518858749889,-0.011780442668946142,0.763952927008069,-0.056111158532577136,-0.6427197557057505,7.38285639566806
10.949133,3566650837.876,0.07428405061364174,-0.05819951184093952,0.34950001537799835,0.07471364935688957,-0.057925713141890565,0.35074647771720713,0.0029250949164088768,0.7617596468654922,-0.04591526938288557,-0.6462240109006996,-0.00195733223345508,0.7625163539395461,-0.04930222871359968,-0.6450846991435626,6.966310248535114
10.99709,3566650837.91,0.07458861917257309,-0.05753171816468239,0.3500000089406967,0.07468130133841537,-0.05782454453030161,0.35048782376803855,-0.005448167824278011,0.7629964739251401,-0.047210917812442764,-0.6446532614394098,-0.0036517906455738316,0.7627510212484585,-0.048287209336289105,-0.6448766466728564,7.773808055454494
11.061797,3566650837.976,0.08467407152056694,-0.06409593857824802,0.4020000249147415,0.07901842668286668,-0.060556601566166185,0.37943588888517293,-0.0001974997544668132,0.774093526018241,-0.0389266254748093,-0.6318733194237891,-0.001412258411912914,0.7701398363140233,-0.04222016882088534,-0.6364747405774429,108.65403528186383
